index,x_m,y_m,s_m,heading_rad,curvature_1pm
0,12.300000000,0.000000000,0.000000000,1.570796327,0.218124132
1,12.279915207,0.428824088,0.429294185,1.664333683,0.217174619
2,12.219899732,0.854498631,0.859178674,1.757190388,0.214382014
3,12.120665971,1.273933328,1.290192368,1.848715334,0.209905691
4,11.983386948,1.684155204,1.722774751,1.938312496,0.203985299
5,11.809675154,2.082364363,2.157224197,2.025459354,0.196908461
6,11.601553481,2.465986318,2.593664840,2.109716601,0.188976272
7,11.361418834,2.832719867,3.032023307,2.190729107,0.180472691
8,11.091999089,3.180579558,3.472015765,2.268219398,0.171641541
9,10.796304250,3.507931897,3.913144988,2.341975590,0.162672194
10,10.477572722,3.813524598,4.354706633,2.411835869,0.153692877
11,10.139213737,4.096508259,4.795803623,2.477671343,0.144769372
12,9.784747041,4.356450061,5.235367474,2.539368576,0.135906600
13,9.417740980,4.593339186,5.672185407,2.596812626,0.127050800
14,9.041750185,4.807583852,6.104932278,2.649870929,0.118090566
15,8.660254038,5.000000000,6.532206528,2.698378081,0.108855565
16,8.276597084,5.171791856,6.952569586,2.742121424,0.099112314
17,7.893932538,5.324524728,7.364588378,2.780827385,0.088557053
18,7.515169944,5.460090569,7.766880808,2.814148791,0.076806673
19,7.142927984,5.580666965,8.158164265,2.841653957,0.063390289
20,6.779493322,5.688670346,8.537307357,2.862819370,0.047747028
21,6.426786247,5.786704328,8.903385139,2.877029485,0.029240653
22,6.086333767,5.877504198,9.255737956,2.883589618,0.007209632
23,5.759250626,5.963878608,9.594033566,2.881761376,-0.018918682
24,5.446228590,6.048649631,9.918331147,2.870833624,-0.049413636
25,5.147534179,6.134592350,10.229143796,2.850243732,-0.083900356
26,4.863014842,6.224375154,10.527492928,2.819758727,-0.120920518
27,4.592113436,6.320501910,10.814943663,2.779706817,-0.157550022
28,4.333890682,6.425257167,11.093605922,2.731211339,-0.189400449
29,4.087055127,6.540655442,11.366084459,2.676331456,-0.211380678
30,3.850000000,6.668395609,11.635366251,2.617993878,-0.219261258
31,3.620846206,6.809821287,11.904648043,2.559656300,-0.211380678
32,3.397490591,6.965888011,12.177126580,2.504776417,-0.189400449
33,3.177658501,7.137137847,12.455788839,2.456280939,-0.157550022
34,2.958959585,7.323681969,12.743239574,2.416229029,-0.120920518
35,2.738945728,7.525191541,13.041588706,2.385744024,-0.083900356
36,2.515169944,7.740897129,13.352401355,2.365154132,-0.049413636
37,2.285245066,7.969596652,13.676698936,2.354226380,-0.018918682
38,2.046901063,8.209671757,14.014994546,2.352398138,0.007209632
39,1.798039829,8.459112319,14.367347363,2.358958271,0.029240653
40,1.536786372,8.715548614,14.733425145,2.373168386,0.047747028
41,1.261535370,8.976290574,15.112568237,2.394333799,0.063390289
42,0.970992168,9.238373370,15.503851694,2.421838965,0.076806673
43,0.664207409,9.498608477,15.906144124,2.455160371,0.088557053
44,0.340604588,9.753639259,16.318162916,2.493866332,0.099112314
45,0.000000000,10.000000000,16.738525974,2.537609675,0.108855565
46,-0.357385346,10.234177281,17.165800224,2.586116827,0.118090566
47,-0.730922066,10.452672528,17.598547095,2.639175130,0.127050800
48,-1.119577097,10.652064538,18.035365028,2.696619180,0.135906600
49,-1.521926649,10.829070800,18.474928879,2.758316413,0.144769372
50,-1.936177181,10.980606446,18.916025869,2.824151887,0.153692877
51,-2.360193987,11.103839696,19.357587514,2.894012166,0.162672194
52,-2.791536849,11.196242768,19.798716737,2.967768358,0.171641541
53,-3.227502050,11.255637266,20.238709195,3.045258649,0.180472691
54,-3.665169944,11.280233197,20.677067662,3.126271155,0.188976272
55,-4.101457139,11.268660875,21.113508305,-3.072656905,0.196908461
56,-4.533172283,11.219995123,21.547957751,-2.985510047,0.203985299
57,-4.957074361,11.133771305,21.980540134,-2.895912886,0.209905691
58,-5.369932344,11.009992915,22.411553828,-2.804387939,0.214382014
59,-5.768585049,10.849130570,22.841438317,-2.711531235,0.217174619
60,-6.150000000,10.652112467,23.270732502,-2.617993878,0.218124132
61,-6.511330158,10.420306481,23.700026687,-2.524456521,0.217174619
62,-6.849967388,10.155494284,24.129911176,-2.431599817,0.214382014
63,-7.163591610,9.859837978,24.560924870,-2.340074870,0.209905691
64,-7.450214665,9.535839918,24.993507253,-2.250477709,0.203985299
65,-7.708218015,9.186296512,25.427956699,-2.163330851,0.196908461
66,-7.936383537,8.814246879,25.864397342,-2.079073604,0.188976272
67,-8.133916784,8.422917399,26.302755809,-1.998061098,0.180472691
68,-8.300462240,8.015663211,26.742748267,-1.920570807,0.171641541
69,-8.436110263,7.595907799,27.183877490,-1.846814615,0.162672194
70,-8.541395541,7.167081848,27.625439135,-1.776954336,0.153692877
71,-8.617287088,6.732562541,28.066536125,-1.711118862,0.144769372
72,-8.665169944,6.295614477,28.506099976,-1.649421629,0.135906600
73,-8.686818914,5.859333341,28.942917909,-1.591977579,0.127050800
74,-8.684364839,5.426593429,29.375664780,-1.538919276,0.118090566
75,-8.660254038,5.000000000,29.802939030,-1.490412124,0.108855565
76,-8.617201672,4.581847404,30.223302088,-1.446668781,0.099112314
77,-8.558139946,4.174083749,30.635320880,-1.407962820,0.088557053
78,-8.486162112,3.778282800,31.037613310,-1.374641413,0.076806673
79,-8.404463354,3.395623609,31.428896767,-1.347136248,0.063390289
80,-8.316279694,3.026878268,31.808039859,-1.325970834,0.047747028
81,-8.224826076,2.672407990,32.174117641,-1.311760720,0.029240653
82,-8.133234830,2.332167559,32.526470458,-1.305200586,0.007209632
83,-8.044495692,2.005718045,32.864766068,-1.307028829,-0.018918682
84,-7.961398534,1.692247498,33.189063649,-1.317956581,-0.049413636
85,-7.886479907,1.390599190,33.499876298,-1.338546473,-0.083900356
86,-7.821974427,1.099306815,33.798225430,-1.369031478,-0.120920518
87,-7.769771937,0.816635938,34.085676165,-1.409083388,-0.157550022
88,-7.731381273,0.540630844,34.364338424,-1.457578865,-0.189400449
89,-7.707901333,0.269165846,34.636816961,-1.512458749,-0.211380678
90,-7.700000000,0.000000000,34.906098753,-1.570796327,-0.219261258
91,-7.707901333,-0.269165846,35.175380545,-1.629133905,-0.211380678
92,-7.731381273,-0.540630844,35.447859082,-1.684013788,-0.189400449
93,-7.769771937,-0.816635938,35.726521341,-1.732509266,-0.157550022
94,-7.821974427,-1.099306815,36.013972076,-1.772561176,-0.120920518
95,-7.886479907,-1.390599190,36.312321208,-1.803046181,-0.083900356
96,-7.961398534,-1.692247498,36.623133857,-1.823636073,-0.049413636
97,-8.044495692,-2.005718045,36.947431438,-1.834563825,-0.018918682
98,-8.133234830,-2.332167559,37.285727048,-1.836392067,0.007209632
99,-8.224826076,-2.672407990,37.638079865,-1.829831934,0.029240653
100,-8.316279694,-3.026878268,38.004157647,-1.815621819,0.047747028
101,-8.404463354,-3.395623609,38.383300739,-1.794456405,0.063390289
102,-8.486162112,-3.778282800,38.774584196,-1.766951240,0.076806673
103,-8.558139946,-4.174083749,39.176876626,-1.733629834,0.088557053
104,-8.617201672,-4.581847404,39.588895418,-1.694923872,0.099112314
105,-8.660254038,-5.000000000,40.009258476,-1.651180529,0.108855565
106,-8.684364839,-5.426593429,40.436532726,-1.602673378,0.118090566
107,-8.686818914,-5.859333341,40.869279597,-1.549615074,0.127050800
108,-8.665169944,-6.295614477,41.306097530,-1.492171024,0.135906600
109,-8.617287088,-6.732562541,41.745661381,-1.430473791,0.144769372
110,-8.541395541,-7.167081848,42.186758371,-1.364638318,0.153692877
111,-8.436110263,-7.595907799,42.628320016,-1.294778038,0.162672194
112,-8.300462240,-8.015663211,43.069449239,-1.221021847,0.171641541
113,-8.133916784,-8.422917399,43.509441697,-1.143531555,0.180472691
114,-7.936383537,-8.814246879,43.947800164,-1.062519049,0.188976272
115,-7.708218015,-9.186296512,44.384240807,-0.978261803,0.196908461
116,-7.450214665,-9.535839918,44.818690253,-0.891114945,0.203985299
117,-7.163591610,-9.859837978,45.251272636,-0.801517783,0.209905691
118,-6.849967388,-10.155494284,45.682286330,-0.709992837,0.214382014
119,-6.511330158,-10.420306481,46.112170819,-0.617136132,0.217174619
120,-6.150000000,-10.652112467,46.541465004,-0.523598776,0.218124132
121,-5.768585049,-10.849130570,46.970759189,-0.430061419,0.217174619
122,-5.369932344,-11.009992915,47.400643678,-0.337204714,0.214382014
123,-4.957074361,-11.133771305,47.831657372,-0.245679768,0.209905691
124,-4.533172283,-11.219995123,48.264239755,-0.156082606,0.203985299
125,-4.101457139,-11.268660875,48.698689201,-0.068935748,0.196908461
126,-3.665169944,-11.280233197,49.135129844,0.015321498,0.188976272
127,-3.227502050,-11.255637266,49.573488311,0.096334004,0.180472691
128,-2.791536849,-11.196242768,50.013480769,0.173824296,0.171641541
129,-2.360193987,-11.103839696,50.454609992,0.247580487,0.162672194
130,-1.936177181,-10.980606446,50.896171637,0.317440767,0.153692877
131,-1.521926649,-10.829070800,51.337268627,0.383276240,0.144769372
132,-1.119577097,-10.652064538,51.776832478,0.444973473,0.135906600
133,-0.730922066,-10.452672528,52.213650411,0.502417523,0.127050800
134,-0.357385346,-10.234177281,52.646397282,0.555475826,0.118090566
135,-0.000000000,-10.000000000,53.073671532,0.603982978,0.108855565
136,0.340604588,-9.753639259,53.494034590,0.647726321,0.099112314
137,0.664207409,-9.498608477,53.906053382,0.686432282,0.088557053
138,0.970992168,-9.238373370,54.308345813,0.719753689,0.076806673
139,1.261535370,-8.976290574,54.699629269,0.747258854,0.063390289
140,1.536786372,-8.715548614,55.078772361,0.768424268,0.047747028
141,1.798039829,-8.459112319,55.444850143,0.782634383,0.029240653
142,2.046901063,-8.209671757,55.797202960,0.789194516,0.007209632
143,2.285245066,-7.969596652,56.135498570,0.787366274,-0.018918682
144,2.515169944,-7.740897129,56.459796151,0.776438522,-0.049413636
145,2.738945728,-7.525191541,56.770608800,0.755848629,-0.083900356
146,2.958959585,-7.323681969,57.068957932,0.725363625,-0.120920518
147,3.177658501,-7.137137847,57.356408667,0.685311715,-0.157550022
148,3.397490591,-6.965888011,57.635070926,0.636816237,-0.189400449
149,3.620846206,-6.809821287,57.907549463,0.581936354,-0.211380678
150,3.850000000,-6.668395609,58.176831255,0.523598776,-0.219261258
151,4.087055127,-6.540655442,58.446113047,0.465261198,-0.211380678
152,4.333890682,-6.425257167,58.718591584,0.410381314,-0.189400449
153,4.592113436,-6.320501910,58.997253843,0.361885837,-0.157550022
154,4.863014842,-6.224375154,59.284704578,0.321833927,-0.120920518
155,5.147534179,-6.134592350,59.583053710,0.291348922,-0.083900356
156,5.446228590,-6.048649631,59.893866359,0.270759030,-0.049413636
157,5.759250626,-5.963878608,60.218163940,0.259831278,-0.018918682
158,6.086333767,-5.877504198,60.556459550,0.258003035,0.007209632
159,6.426786247,-5.786704328,60.908812367,0.264563168,0.029240653
160,6.779493322,-5.688670346,61.274890149,0.278773283,0.047747028
161,7.142927984,-5.580666965,61.654033241,0.299938697,0.063390289
162,7.515169944,-5.460090569,62.045316698,0.327443862,0.076806673
163,7.893932538,-5.324524728,62.447609128,0.360765269,0.088557053
164,8.276597084,-5.171791856,62.859627920,0.399471230,0.099112314
165,8.660254038,-5.000000000,63.279990978,0.443214573,0.108855565
166,9.041750185,-4.807583852,63.707265228,0.491721725,0.118090566
167,9.417740980,-4.593339186,64.140012099,0.544780028,0.127050800
168,9.784747041,-4.356450061,64.576830032,0.602224078,0.135906600
169,10.139213737,-4.096508259,65.016393883,0.663921311,0.144769372
170,10.477572722,-3.813524598,65.457490873,0.729756785,0.153692877
171,10.796304250,-3.507931897,65.899052518,0.799617064,0.162672194
172,11.091999089,-3.180579558,66.340181741,0.873373256,0.171641541
173,11.361418834,-2.832719867,66.780174199,0.950863547,0.180472691
174,11.601553481,-2.465986318,67.218532666,1.031876053,0.188976272
175,11.809675154,-2.082364363,67.654973309,1.116133300,0.196908461
176,11.983386948,-1.684155204,68.089422755,1.203280158,0.203985299
177,12.120665971,-1.273933328,68.522005138,1.292877319,0.209905691
178,12.219899732,-0.854498631,68.953018832,1.384402265,0.214382014
179,12.279915207,-0.428824088,69.382903321,1.477258970,0.217174619
